FOM,ch1,ch1_d,ex1,ex1_d,re1,re1_d,ch2,ch2_d,ex2,ex2_d,re2,re2_d,ch3,ch3_d,ex3,ex3_d,re3,re3_d,ch4,ch4_d,ex4,ex4_d,re4,re4_d,ch5,ch5_d,ex5,ex5_d,re5,re5_d,ch6,ch6_d,ex6,ex6_d,re6,re6_d,real_ch,real_ch_d,real_ex,real_ex_d,real_re,real_re_d,isup_count,isdown_count,issame_count,isup_ratio_count,avg_upsell_amount,total_upsell_amount,upsell_count,Month,New Accounts,New ACV,Renew Accounts,Renew ACV,Upsell Accounts,Upsell ACV,Churn Accounts,Churn ACV,Cumulative Churn Accounts,Cumulative New Accounts,Cumulative Renew Accounts,Cumulative Churn ACV,Cumulative New ACV,Cumulative Renew ACV,Active Accounts,Active ACV,Churn Accounts Rate,New Accounts Rate,Churn ACV Rate,New ACV Rate,Max Accounts,Max ACV,New ACV per account,avg_upsell_rate,avg_upsell_d,avg_new_rate,avg_new_acv,Max Potential,Acc_Max Potential
2020-01-01,0.0,0.0,0.0,0.0,0.0,0.0,0.0,0.0,0.0,0.0,0.0,0.0,0.0,0.0,0.0,0.0,0.0,0.0,0.0,0.0,0.0,0.0,0.0,0.0,0.0,0.0,0.0,0.0,0.0,0.0,0.0,0.0,0.0,0.0,0.0,0.0,8,447750,0,0,2,147300,0.0,0.0,0.0,0.0,0.0,0.0,0.0,2020-01-01,10,595050,0,0,0,0,0,0,0,10,0,0,595050,0,10,595050,0.0,1.0,0.0,1.0,10,595050,59505.0,,,,,10,10
2020-02-01,0.0,0.0,0.0,0.0,0.0,0.0,0.0,0.0,0.0,0.0,0.0,0.0,0.0,0.0,0.0,0.0,0.0,0.0,0.0,0.0,0.0,0.0,0.0,0.0,0.0,0.0,0.0,0.0,0.0,0.0,0.0,0.0,0.0,0.0,0.0,0.0,15,818050,0,0,4,267300,0.0,0.0,0.0,0.0,0.0,0.0,0.0,2020-02-01,9,490300,0,0,0,0,0,0,0,19,0,0,1085350,0,19,1085350,0.0,0.4736842105263158,0.0,0.4517436771548348,19,1085350,54477.77777777778,,,,,9,19
2020-03-01,0.0,0.0,0.0,0.0,0.0,0.0,0.0,0.0,0.0,0.0,0.0,0.0,0.0,0.0,0.0,0.0,0.0,0.0,0.0,0.0,0.0,0.0,0.0,0.0,0.0,0.0,0.0,0.0,0.0,0.0,0.0,0.0,0.0,0.0,0.0,0.0,20,1070450,1,51700,8,543500,0.0,0.0,0.0,0.0,0.0,0.0,0.0,2020-03-01,10,580300,0,0,0,0,0,0,0,29,0,0,1665650,0,29,1665650,0.0,0.3448275862068966,0.0,0.3483925194368565,29,1665650,58030.0,0.0,0.0,0.6061705989110707,57337.59259259259,10,29
2020-04-01,0.0,0.0,0.0,0.0,0.0,0.0,0.0,0.0,0.0,0.0,0.0,0.0,0.0,0.0,0.0,0.0,0.0,0.0,0.0,0.0,0.0,0.0,0.0,0.0,0.0,0.0,0.0,0.0,0.0,0.0,0.0,0.0,0.0,0.0,0.0,0.0,26,1312450,2,155100,8,543500,0.0,0.0,0.0,0.0,0.0,0.0,0.0,2020-04-01,7,345400,0,0,0,0,0,0,0,36,0,0,2011050,0,36,2011050,0.0,0.1944444444444444,0.0,0.1717510753089182,36,2011050,49342.857142857145,0.0,0.0,0.33765208039255223,53950.21164021164,7,36
2020-05-01,0.0,0.0,0.0,0.0,0.0,0.0,0.0,0.0,0.0,0.0,0.0,0.0,0.0,0.0,0.0,0.0,0.0,0.0,0.0,0.0,0.0,0.0,0.0,0.0,0.0,0.0,0.0,0.0,0.0,0.0,0.0,0.0,0.0,0.0,0.0,0.0,31,1752450,4,272400,9,573500,0.0,0.0,0.0,0.0,0.0,0.0,0.0,2020-05-01,8,587300,0,0,0,0,0,0,0,44,0,0,2598350,0,44,2598350,0.0,0.1818181818181818,0.0,0.2260280562664768,44,2598350,73412.5,0.0,0.0,0.2403634041565076,60261.78571428572,8,44
2020-06-01,0.0,0.0,0.0,0.0,0.0,0.0,0.0,0.0,0.0,0.0,0.0,0.0,0.0,0.0,0.0,0.0,0.0,0.0,0.0,0.0,0.0,0.0,0.0,0.0,0.0,0.0,0.0,0.0,0.0,0.0,1.0,33950.0,1.0,30000.0,8.0,531100.0,34,2039250,6,344700,14,849650,0.0,0.0,0.0,0.0,0.0,0.0,0.0,2020-06-01,10,635250,0,0,0,0,0,0,0,54,0,0,3233600,0,54,3233600,0.0,0.1851851851851852,0.0,0.1964528698664028,54,3233600,63525.0,0.0,0.0,0.1871492704826038,62093.45238095239,10,54
2020-07-01,0.0,0.0,0.0,0.0,0.0,0.0,0.0,0.0,0.0,0.0,0.0,0.0,0.0,0.0,0.0,0.0,0.0,0.0,0.0,0.0,0.0,0.0,0.0,0.0,0.0,0.0,3.0,275600.0,7.0,319450.0,1.0,47000.0,4.0,273100.0,4.0,170200.0,40,2462250,7,461100,17,971350,0.0,0.0,0.0,0.0,0.0,0.0,0.0,2020-07-01,10,661100,0,0,0,0,0,0,0,64,0,0,3894700,0,64,3894700,0.0,0.15625,0.0,0.1697434975736257,64,3894700,66110.0,0.0,0.0,0.17441778900112234,67682.5,10,64
2020-08-01,0.0,0.0,0.0,0.0,0.0,0.0,0.0,0.0,0.0,0.0,0.0,0.0,0.0,0.0,0.0,0.0,0.0,0.0,0.0,0.0,3.0,275600.0,7.0,319450.0,2.0,98700.0,3.0,216600.0,4.0,175000.0,1.0,58200.0,3.0,146300.0,6.0,375800.0,46,2859550,9,689400,21,1345750,0.0,0.0,0.0,0.0,0.0,0.0,0.0,2020-08-01,12,1000000,0,0,0,0,0,0,0,76,0,0,4894700,0,76,4894700,0.0,0.1578947368421053,0.0,0.2043026130304207,76,4894700,83333.33333333333,0.0,0.0,0.16644330734243018,70989.44444444444,12,76
2020-09-01,0.0,0.0,0.0,0.0,0.0,0.0,0.0,0.0,0.0,0.0,0.0,0.0,0.0,0.0,1.0,51700.0,9.0,543350.0,2.0,107000.0,0.0,0.0,7.0,383300.0,0.0,0.0,1.0,103400.0,9.0,476900.0,1.0,103400.0,1.0,30000.0,5.0,212000.0,56,3605500,10,734400,22,1449150,0.0,0.0,0.0,0.0,0.0,0.0,0.0,2020-09-01,12,894350,0,0,0,0,0,0,0,88,0,0,5789050,0,88,5789050,0.0,0.1363636363636364,0.0,0.1544899422184987,88,5789050,74529.16666666667,0.0,0.0,0.15016945773524723,74657.5,12,88
2020-10-01,0.0,0.0,0.0,0.0,0.0,0.0,1.0,33950.0,1.0,30000.0,8.0,531100.0,1.0,48500.0,3.0,186400.0,5.0,255400.0,0.0,0.0,4.0,256200.0,6.0,324100.0,2.0,150400.0,1.0,40000.0,4.0,155000.0,4.0,237300.0,1.0,98700.0,3.0,251300.0,65,4268900,11,763500,23,1604250,0.0,0.0,0.0,0.0,0.0,0.0,0.0,2020-10-01,11,847600,0,0,0,0,0,0,0,99,0,0,6636650,0,99,6636650,0.0,0.1111111111111111,0.0,0.1277150369538849,99,6636650,77054.54545454546,0.0,0.0,0.13512316143895095,78305.68181818182,11,99
2020-11-01,1.0,33950.0,5.0,382900.0,4.0,178200.0,2.0,98700.0,1.0,10000.0,6.0,381600.0,1.0,58200.0,1.0,38800.0,8.0,483300.0,2.0,150400.0,1.0,20000.0,4.0,175000.0,4.0,237300.0,2.0,173700.0,2.0,176300.0,1.0,42300.0,3.0,278500.0,6.0,314450.0,75,5213500,13,863700,24,1652750,0.0,0.0,0.0,0.0,0.0,0.0,0.0,2020-11-01,13,1093300,0,0,0,0,0,0,0,112,0,0,7729950,0,112,7729950,0.0,0.1160714285714286,0.0,0.1414368786344025,112,7729950,84100.0,0.0,0.0,0.12118205868205871,78561.23737373739,13,112
2020-12-01,0.0,0.0,4.0,207200.0,5.0,283100.0,0.0,0.0,4.0,248900.0,6.0,331400.0,1.0,103400.0,2.0,75000.0,4.0,167000.0,4.0,222300.0,1.0,77600.0,3.0,287400.0,2.0,82300.0,1.0,80000.0,7.0,472950.0,2.0,161400.0,4.0,228700.0,4.0,271000.0,83,5680850,15,1079250,25,1704450,2.0,2.0,6.0,0.2,37850.0,75700.0,2.0,2020-12-01,11,734600,0,0,0,0,0,0,0,123,0,0,8464550,0,123,8464550,0.0,0.08943089430894309,0.0,0.08678547589653318,123,8464550,66781.81818181818,0.06666666666666667,12616.666666666666,0.10553781133049427,75978.78787878789,11,123
2021-01-01,0.0,0.0,2.0,142800.0,8.0,437500.0,1.0,103400.0,1.0,47000.0,5.0,195000.0,2.0,117300.0,2.0,165000.0,4.0,305000.0,2.0,82300.0,2.0,92750.0,6.0,460200.0,1.0,67900.0,2.0,196400.0,7.0,396800.0,2.0,228300.0,4.0,357300.0,6.0,414400.0,87,5950900,22,1489400,28,1899050,2.0,1.0,6.0,0.2222222222222222,15175.0,30350.0,2.0,2021-01-01,14,871750,10,598100,2,223000,0,0,0,137,10,0,9336300,598100,137,9339350,0.0,0.1021897810218978,0.0,0.09334161370973355,137,9339350,62267.857142857145,0.14074074074074075,17675.0,0.10256403463408982,71049.89177489177,24,147
2021-02-01,1.0,103400.0,1.0,47000.0,5.0,195000.0,2.0,177300.0,1.0,75000.0,5.0,335000.0,1.0,42300.0,3.0,163400.0,6.0,429550.0,1.0,116400.0,4.0,340600.0,5.0,204100.0,2.0,129600.0,1.0,77600.0,9.0,792800.0,2.0,175950.0,2.0,244400.0,8.0,474000.0,91,6175950,29,2003700,29,2053850,4.0,2.0,3.0,0.4444444444444444,27812.5,111250.0,4.0,2021-02-01,12,872300,9,512150,2,150350,0,0,0,149,19,0,10208600,1110250,149,10233500,0.0,0.08053691275167785,0.0,0.08523965407729515,149,10233500,72691.66666666667,0.2888888888888889,26945.833333333332,0.09071919602750624,67247.113997114,21,168
2021-03-01,3.0,207300.0,0.0,0.0,5.0,380000.0,1.0,42300.0,1.0,80000.0,8.0,512950.0,2.0,156400.0,2.0,127900.0,6.0,376800.0,2.0,228300.0,1.0,42300.0,9.0,729400.0,1.0,45000.0,1.0,51700.0,10.0,797650.0,2.0,104100.0,3.0,333700.0,6.0,409800.0,94,6397850,34,2502850,32,2327400,0.0,0.0,6.0,0.0,0.0,0.0,0.0,2021-03-01,12,981450,9,593450,4,387450,1,51700,1,161,28,51700,11190050,1703700,160,11228100,0.00625,0.075,0.004604519019246355,0.08741015844176664,161,11279800,81787.5,0.22222222222222224,14329.166666666666,0.08590889792452522,72249.00793650794,22,190
2021-04-01,1.0,42300.0,1.0,80000.0,8.0,512950.0,4.0,258400.0,2.0,181000.0,4.0,221700.0,2.0,228300.0,1.0,97000.0,9.0,674700.0,2.0,161400.0,3.0,200100.0,7.0,532850.0,3.0,194100.0,0.0,0.0,8.0,653500.0,1.0,51700.0,5.0,613500.0,7.0,428100.0,98,6672750,37,2659500,34,2389400,1.0,1.0,4.0,0.16666666666666666,3950.0,3950.0,1.0,2021-04-01,10,596950,6,242000,0,0,1,103400,2,171,34,155100,11787000,1945700,169,11721650,0.005917159763313609,0.05917159763313609,0.00882128369299544,0.05092713056608925,171,11876750,59695.0,0.2037037037037037,10587.5,0.07156950346160465,71391.38888888889,17,207
2021-05-01,3.0,229300.0,2.0,89100.0,5.0,342700.0,3.0,270600.0,2.0,252100.0,7.0,477300.0,0.0,0.0,4.0,334900.0,8.0,559450.0,1.0,29100.0,2.0,282000.0,8.0,536500.0,1.0,51700.0,4.0,326800.0,8.0,714800.0,2.0,215550.0,2.0,109900.0,7.0,409150.0,101,6894050,40,2756950,36,2636050,5.0,1.0,2.0,0.625,19090.0,95450.0,5.0,2021-05-01,10,726350,6,426350,1,33950,3,220700,5,181,40,375800,12513350,2372050,177,12287050,0.01694915254237288,0.05649717514124294,0.01796200064295335,0.05911508458092056,181,12559450,72635.0,0.2638888888888889,7680.0,0.06355625759145968,71372.5,18,225
2021-06-01,1.0,141000.0,3.0,275000.0,8.0,584000.0,1.0,45000.0,3.0,360800.0,8.0,488550.0,3.0,194100.0,0.0,0.0,8.0,653500.0,2.0,139000.0,4.0,371000.0,7.0,583300.0,5.0,294950.0,3.0,289750.0,3.0,149900.0,7.0,438350.0,5.0,350400.0,12.0,681100.0,109,7625750,44,3245450,36,2494800,3.0,1.0,5.0,0.3333333333333333,19466.666666666668,58400.0,3.0,2021-06-01,14,1094500,8,619700,5,371600,2,72300,7,195,48,448100,13607850,2991750,189,13366000,0.01058201058201058,0.07407407407407407,0.005409247344007183,0.0818868771509801,195,13710700,78178.57142857143,0.375,14168.88888888889,0.06324761561615104,70169.5238095238,24,249
2021-07-01,1.0,45000.0,4.0,395350.0,7.0,454000.0,1.0,29100.0,3.0,266900.0,7.0,551600.0,2.0,100200.0,5.0,390600.0,6.0,602500.0,2.0,215550.0,3.0,199750.0,6.0,319300.0,8.0,538050.0,3.0,236900.0,13.0,694900.0,8.0,544950.0,1.0,30000.0,12.0,809500.0,119,8302450,49,3646550,38,2702050,4.0,1.0,5.0,0.4,11712.5,46850.0,4.0,2021-07-01,18,1350950,9,595200,3,180100,3,188700,10,213,57,636800,14958800,3586950,206,14651050,0.01456310679611651,0.08737864077669903,0.01287962296217677,0.09220840827107955,213,15112150,75052.77777777778,0.4527777777777778,16756.38888888889,0.07264996333067202,75288.78306878307,28,277
2021-08-01,1.0,90000.0,3.0,346500.0,7.0,411100.0,3.0,187500.0,3.0,285100.0,7.0,620700.0,2.0,215550.0,3.0,222750.0,6.0,296300.0,8.0,461850.0,6.0,409200.0,10.0,598800.0,8.0,566000.0,3.0,125000.0,10.0,693450.0,5.0,490850.0,3.0,234000.0,13.0,850050.0,127,9061000,52,3879550,42,2833450,1.0,4.0,6.0,0.09090909090909091,4600.0,4600.0,1.0,2021-08-01,17,1349600,10,773350,4,421250,2,228300,12,230,67,865100,16308400,4360300,221,15774000,0.00904977375565611,0.07692307692307693,0.01447318372004565,0.08555851401039685,230,16463400,79388.23529411765,0.27474747474747474,11926.38888888889,0.07945859725795001,77539.86150015563,29,306
2021-09-01,3.0,241200.0,2.0,113800.0,8.0,738300.0,3.0,245550.0,3.0,195200.0,5.0,293850.0,7.0,431850.0,5.0,294900.0,12.0,743100.0,9.0,574200.0,2.0,170950.0,10.0,639300.0,6.0,452850.0,1.0,29100.0,14.0,1092950.0,6.0,322550.0,1.0,103400.0,9.0,413000.0,129,9136900,60,4426600,46,2998450,1.0,1.0,8.0,0.1,6900.0,6900.0,1.0,2021-09-01,15,913500,11,768800,1,108000,1,45000,13,245,78,910100,17221900,5129100,235,16561950,0.00425531914893617,0.06382978723404255,0.002717071359350801,0.05515654859482126,245,17296350,60900.0,0.196969696969697,7737.5,0.0760438349779395,71780.33769063182,27,333
2021-10-01,2.0,215550.0,4.0,319750.0,5.0,199300.0,8.0,468350.0,5.0,403500.0,11.0,598000.0,7.0,427900.0,5.0,457450.0,9.0,499100.0,4.0,418100.0,5.0,288600.0,12.0,868200.0,6.0,349350.0,2.0,30000.0,8.0,459600.0,5.0,275650.0,2.0,166900.0,9.0,710150.0,135,9738100,69,4985100,48,3058850,1.0,2.0,8.0,0.09090909090909091,3200.0,3200.0,1.0,2021-10-01,18,1288100,10,779600,1,162000,2,74100,15,263,88,984200,18510000,5908700,252,17782050,0.007936507936507936,0.07142857142857142,0.004167123588112731,0.0724382171909313,263,18545550,71561.11111111111,0.09393939393939395,4900.0,0.0707271451952303,70616.44880174291,29,362
2021-11-01,6.0,380150.0,4.0,311800.0,14.0,777900.0,8.0,501300.0,4.0,284200.0,9.0,598950.0,5.0,442850.0,4.0,210550.0,12.0,921500.0,5.0,277950.0,4.0,192800.0,7.0,368200.0,5.0,237350.0,0.0,0.0,11.0,915350.0,5.0,327000.0,4.0,253000.0,13.0,1134200.0,143,10089050,73,5374300,49,3137050,1.0,1.0,7.0,0.1111111111111111,2300.0,2300.0,1.0,2021-11-01,15,1025450,11,886200,1,51700,2,100200,17,278,99,1084400,19535450,6794900,265,18600400,0.007547169811320755,0.05660377358490566,0.005386980925141394,0.05513053482720802,278,19464100,68363.33333333333,0.10067340067340068,4133.333333333333,0.06395404408250654,66941.48148148147,28,390
2021-12-01,8.0,566000.0,5.0,426850.0,8.0,391600.0,6.0,550850.0,3.0,242500.0,12.0,781550.0,5.0,322550.0,3.0,167800.0,8.0,348600.0,5.0,275650.0,1.0,94000.0,10.0,783050.0,7.0,546700.0,3.0,227300.0,12.0,940200.0,8.0,671200.0,5.0,362400.0,14.0,912550.0,148,10523100,82,5816550,50,3173550,5.0,1.0,11.0,0.29411764705882354,26160.0,130800.0,5.0,2021-12-01,17,1168800,9,478600,1,54000,4,315750,21,295,108,1400150,20704250,7273500,280,19513200,0.01428571428571429,0.06071428571428571,0.01618135416026075,0.05989791525736424,295,20592450,68752.94117647059,0.16537928302634186,10553.333333333334,0.06291554357592093,69559.12854030501,28,418
2022-01-01,7.0,599350.0,5.0,283150.0,9.0,692400.0,6.0,332050.0,0.0,0.0,10.0,506900.0,4.0,185650.0,6.0,573250.0,6.0,393800.0,6.0,425800.0,5.0,407900.0,11.0,880500.0,9.0,690750.0,9.0,683300.0,9.0,572100.0,6.0,491300.0,5.0,443550.0,16.0,1188100.0,149,10880350,90,6590550,49,3090050,3.0,2.0,9.0,0.21428571428571427,6300.0,18900.0,3.0,2022-01-01,15,1336500,17,1181100,5,472700,7,410150,28,310,125,1810300,22040750,8454600,288,20560950,0.02430555555555556,0.05208333333333334,0.01994800823891892,0.06500186032260183,310,22050350,89100.0,0.20650482415188295,11586.666666666666,0.05646713087750824,75405.4248366013,39,457
2022-02-01,6.0,369850.0,3.0,173700.0,7.0,295400.0,5.0,275650.0,3.0,356550.0,8.0,520500.0,5.0,387000.0,5.0,272700.0,12.0,1054500.0,7.0,624400.0,2.0,128500.0,18.0,1193250.0,7.0,717100.0,4.0,367750.0,16.0,1038100.0,7.0,472050.0,2.0,66700.0,17.0,1143550.0,143,10479000,96,6968050,53,3199150,7.0,3.0,5.0,0.4666666666666667,16078.57142857143,112550.0,7.0,2022-02-01,11,610100,14,859600,3,293700,7,514300,35,321,139,2324600,22650850,9314200,292,20646200,0.02397260273972603,0.03767123287671233,0.0249101529579293,0.0295502320039523,321,22649900,55463.63636363636,0.3250233426704015,16179.52380952381,0.05015628397477712,71105.52584670232,32,489
2022-03-01,4.0,185650.0,2.0,173700.0,10.0,793350.0,7.0,576100.0,2.0,117500.0,13.0,1020600.0,7.0,415750.0,8.0,700000.0,12.0,830400.0,6.0,476300.0,8.0,691000.0,13.0,955650.0,9.0,600050.0,5.0,406200.0,12.0,676050.0,7.0,434400.0,6.0,576100.0,15.0,1057200.0,146,10688850,106,7605600,48,2777600,2.0,1.0,9.0,0.16666666666666666,12450.0,24900.0,2.0,2022-03-01,14,948800,15,1051950,7,662300,13,1065150,48,335,154,3389750,23599650,10366150,300,21072050,0.04333333333333333,0.04666666666666667,0.05054800078777338,0.04502646871092277,335,23626600,67771.42857142857,0.2825396825396825,11609.52380952381,0.045473744292237446,70778.35497835498,36,525
2022-04-01,6.0,425800.0,4.0,347000.0,12.0,941400.0,7.0,609650.0,9.0,649450.0,11.0,687050.0,6.0,525250.0,6.0,438500.0,15.0,1159200.0,7.0,537750.0,4.0,318400.0,15.0,826150.0,10.0,713100.0,7.0,491000.0,11.0,863600.0,6.0,545100.0,8.0,637000.0,12.0,729550.0,147,10804800,113,7939050,53,3355050,3.0,2.0,6.0,0.2727272727272727,8783.333333333334,26350.0,3.0,2022-04-01,17,1265350,12,600450,2,86900,4,260050,52,352,166,3649800,24865000,10966600,313,22098900,0.01277955271565495,0.05431309904153354,0.01176755404115137,0.05725850607948812,352,24913500,74432.35294117648,0.30202020202020197,12437.301587301588,0.04621699952830418,65889.13929208046,34,559
2022-05-01,6.0,502950.0,5.0,496600.0,16.0,946600.0,7.0,528400.0,4.0,387000.0,16.0,1207550.0,7.0,472050.0,3.0,242400.0,16.0,967850.0,9.0,638100.0,6.0,492300.0,13.0,937300.0,6.0,521150.0,7.0,563500.0,13.0,827000.0,11.0,667800.0,4.0,258700.0,11.0,720900.0,152,11001250,120,8573050,52,3269800,5.0,5.0,6.0,0.3125,14780.0,73900.0,5.0,2022-05-01,16,1000050,11,897850,3,303000,9,474800,61,368,177,4124600,25865050,11864450,324,22844100,0.02777777777777778,0.04938271604938271,0.02078436007546806,0.04377716784640236,368,25873450,62503.125,0.2506313131313131,12004.444444444445,0.050120827252527644,68235.63550420168,34,593
2022-06-01,8.0,549950.0,5.0,418600.0,14.0,1154400.0,8.0,547050.0,6.0,429850.0,12.0,705400.0,9.0,572300.0,4.0,235400.0,15.0,1260000.0,3.0,322400.0,11.0,889700.0,12.0,699550.0,11.0,657800.0,9.0,627200.0,6.0,362400.0,14.0,1111400.0,4.0,338500.0,14.0,1067700.0,151,10528600,129,9058200,53,3562200,5.0,6.0,10.0,0.23809523809523808,20800.0,104000.0,5.0,2022-06-01,15,949400,16,1069700,5,208800,6,560800,67,383,193,4685400,26814450,12934150,333,23149000,0.01801801801801802,0.04504504504504504,0.02422566849539937,0.04101257073739686,383,26739150,63293.333333333336,0.2744408369408369,14787.77777777778,0.0495802867119871,66742.93709150328,39,632
2022-07-01,7.0,537750.0,11.0,713250.0,8.0,431300.0,10.0,688100.0,5.0,227800.0,13.0,1151800.0,6.0,447750.0,5.0,456400.0,15.0,1007500.0,12.0,803300.0,5.0,204900.0,9.0,639200.0,16.0,1322900.0,6.0,455800.0,10.0,738900.0,15.0,1074100.0,2.0,88200.0,8.0,307400.0,150,10256200,140,9578900,54,3625550,8.0,1.0,13.0,0.36363636363636365,23712.5,189700.0,8.0,2022-07-01,17,783200,21,1474600,5,432950,12,1078300,79,400,214,5763700,27597650,14408750,344,23460650,0.03488372093023256,0.04941860465116279,0.04596206839963939,0.03338355927904811,400,27568300,46070.58823529412,0.3047438672438672,19764.166666666668,0.047948788581863515,57289.01552287582,45,677
2022-08-01,10.0,683100.0,5.0,356200.0,13.0,1028400.0,5.0,515100.0,4.0,349500.0,17.0,1047050.0,13.0,922000.0,4.0,278000.0,9.0,447400.0,14.0,1111400.0,6.0,587200.0,12.0,819000.0,14.0,1011800.0,3.0,197200.0,8.0,260700.0,16.0,1215000.0,0.0,0.0,13.0,785750.0,151,10492200,150,10150200,54,3752550,5.0,2.0,10.0,0.29411764705882354,15450.0,77250.0,5.0,2022-08-01,16,1215950,22,1841300,8,695500,5,461300,84,416,236,6225000,28813600,16250050,355,24394950,0.01408450704225352,0.04507042253521127,0.01890965138276569,0.04984433253603717,416,28963900,75996.875,0.29861641626347507,19987.5,0.04651135741047304,61786.93218954249,45,722
2022-09-01,6.0,518100.0,7.0,567450.0,13.0,826100.0,11.0,657800.0,7.0,490300.0,8.0,499300.0,15.0,1266500.0,8.0,592150.0,9.0,658950.0,14.0,1027300.0,2.0,103400.0,9.0,339000.0,14.0,1025500.0,5.0,341050.0,10.0,634200.0,9.0,571100.0,2.0,184200.0,18.0,1110500.0,154,10752350,156,10656700,53,3764400,3.0,8.0,7.0,0.16666666666666666,13166.666666666666,39500.0,3.0,2022-09-01,17,1322900,17,1137900,5,345650,9,592050,93,433,253,6817050,30136500,17387950,363,25173450,0.02479338842975207,0.04683195592286502,0.02351882638255781,0.05255139839791526,433,30334450,77817.64705882352,0.27480689245395123,17443.055555555555,0.04710699436974636,66628.37009803922,44,766
2022-10-01,12.0,754800.0,6.0,437800.0,8.0,454800.0,15.0,1214800.0,7.0,628050.0,10.0,674750.0,14.0,1020800.0,2.0,60000.0,9.0,388900.0,15.0,1177800.0,2.0,107750.0,12.0,715200.0,9.0,548800.0,8.0,641950.0,12.0,675050.0,9.0,688100.0,2.0,218600.0,16.0,991200.0,148,10128350,165,11529500,55,4032600,2.0,2.0,16.0,0.1,7300.0,14600.0,2.0,2022-10-01,15,1205700,18,1379000,3,255000,19,1179650,112,448,271,7996700,31342200,18766950,368,25690450,0.0516304347826087,0.04076086956521739,0.04591784106545428,0.04693183653848025,448,31439050,80380.0,0.18692810457516337,11972.22222222222,0.04422108267443123,78064.84068627452,44,810
2022-11-01,15.0,1214800.0,5.0,485800.0,12.0,817000.0,15.0,1042300.0,1.0,51700.0,9.0,375700.0,16.0,1109000.0,2.0,160050.0,11.0,731700.0,9.0,548800.0,5.0,556400.0,15.0,760600.0,10.0,728250.0,1.0,38800.0,16.0,1130850.0,15.0,1004800.0,2.0,127900.0,14.0,886400.0,144,9689700,180,12551700,56,4045500,2.0,4.0,9.0,0.13333333333333333,36700.0,73400.0,2.0,2022-11-01,18,1102950,20,1405150,2,141300,6,489400,118,466,291,8486100,32445150,20172100,380,26286900,0.01578947368421053,0.04736842105263158,0.01861763844348326,0.04195816166988119,466,32524900,61275.0,0.1333333333333333,19055.555555555555,0.044987082180238,73157.54901960785,46,856
2022-12-01,14.0,986800.0,1.0,87300.0,10.0,395600.0,13.0,967300.0,5.0,413350.0,11.0,620100.0,11.0,716150.0,6.0,595350.0,12.0,554300.0,8.0,603500.0,5.0,443850.0,14.0,850550.0,13.0,894850.0,7.0,410650.0,11.0,713600.0,15.0,809950.0,3.0,210000.0,20.0,1237850.0,136,9142100,191,13089550,58,4114750,4.0,4.0,9.0,0.23529411764705882,7262.5,29050.0,4.0,2022-12-01,16,765400,15,941500,2,161600,17,1147200,135,482,306,9633300,33210550,21113600,385,26346400,0.04415584415584416,0.04155844155844156,0.0435429508395834,0.02905140740290894,482,33242200,47837.5,0.15620915032679736,17087.5,0.043229244058763515,63164.166666666664,44,900
2023-01-01,14.0,1002300.0,4.0,302800.0,11.0,695650.0,14.0,862750.0,6.0,428550.0,9.0,574500.0,9.0,689150.0,4.0,483000.0,14.0,725750.0,13.0,934850.0,3.0,283000.0,15.0,801250.0,16.0,1051100.0,6.0,336100.0,16.0,870600.0,17.0,1148350.0,5.0,395300.0,16.0,1513600.0,131,8521400,194,13170200,59,4209650,7.0,0.0,5.0,0.5833333333333334,19942.85714285714,139600.0,7.0,2023-01-01,14,781750,17,1290700,4,287450,15,1184150,150,496,323,10817450,33992300,22404300,384,25901250,0.0390625,0.03645833333333334,0.04571787075913324,0.03018194102601226,496,33981200,55839.28571428572,0.3173202614379085,21301.785714285714,0.041795065314802156,54983.92857142857,53,953
2023-02-01,10.0,564700.0,6.0,588200.0,13.0,712900.0,10.0,777100.0,4.0,230250.0,13.0,890550.0,15.0,996800.0,5.0,428700.0,11.0,593600.0,17.0,1071100.0,3.0,296200.0,18.0,890500.0,17.0,1199350.0,4.0,382800.0,17.0,1475100.0,15.0,1192250.0,3.0,166700.0,16.0,1101850.0,135,9061550,201,13325400,53,3865750,2.0,0.0,11.0,0.15384615384615385,26400.0,52800.0,2.0,2023-02-01,18,1103650,12,717500,7,523500,13,891800,163,514,335,11709250,35095950,23121800,389,26252700,0.03341902313624678,0.04627249357326478,0.03396983929272037,0.04203948546244767,514,35224450,61313.88888888889,0.32415786827551535,17868.45238095238,0.04142975615501323,54996.891534391536,50,1003
2023-03-01,11.0,801750.0,5.0,353600.0,11.0,742550.0,20.0,1291200.0,4.0,221000.0,7.0,506900.0,17.0,965050.0,10.0,554400.0,11.0,738350.0,17.0,1112450.0,3.0,307100.0,18.0,1637700.0,13.0,1020950.0,2.0,161900.0,19.0,1277950.0,19.0,1465100.0,4.0,330100.0,10.0,789500.0,129,8664200,205,13739350,55,4045150,7.0,2.0,9.0,0.3888888888888889,24064.285714285714,168450.0,7.0,2023-03-01,16,1331600,13,865150,2,181000,29,2080200,192,530,348,13789450,36427550,23986950,389,26448700,0.07455012853470437,0.04113110539845758,0.07865036844911093,0.05034651986676094,530,36608850,83225.0,0.37535612535612534,23469.04761904762,0.041287310768351904,66792.72486772487,52,1055
2023-04-01,15.0,1034450.0,3.0,218700.0,13.0,765950.0,17.0,1048050.0,5.0,233400.0,16.0,976350.0,17.0,1193450.0,8.0,649150.0,13.0,1214650.0,15.0,1201950.0,0.0,0.0,19.0,1258850.0,19.0,1446300.0,4.0,360550.0,10.0,777850.0,17.0,1229700.0,5.0,342950.0,16.0,935450.0,126,8548600,222,15134700,49,3495700,2.0,1.0,12.0,0.13333333333333333,54600.0,109200.0,2.0,2023-04-01,19,1172350,18,1423750,7,807900,11,593500,203,549,366,14382950,37599900,25410700,397,27179000,0.02770780856423174,0.04785894206549118,0.02183671216748225,0.04313440523933919,549,37932650,61702.63157894737,0.22535612535612534,35021.42857142857,0.045087513679071184,68747.17348927875,53,1108
2023-05-01,16.0,974550.0,6.0,296300.0,16.0,986950.0,19.0,1376650.0,7.0,687750.0,12.0,992850.0,16.0,1340450.0,2.0,97900.0,16.0,1022450.0,19.0,1359300.0,2.0,201000.0,12.0,1024400.0,22.0,1459650.0,3.0,282300.0,13.0,766150.0,17.0,961350.0,3.0,179450.0,11.0,566100.0,117,8076050,235,15947950,50,3577600,6.0,1.0,9.0,0.375,24291.666666666668,145750.0,6.0,2023-05-01,17,1204900,15,1115600,2,300600,23,1442250,226,566,381,15825200,38804800,26526300,402,27601600,0.05721393034825871,0.04228855721393035,0.05225240565764303,0.04365326647730566,566,39204000,70876.4705882353,0.29907407407407405,34318.65079365079,0.04375953489262637,71934.70072239422,51,1159
2023-06-01,18.0,1263450.0,6.0,573450.0,14.0,1220350.0,13.0,1039750.0,4.0,235550.0,17.0,1185500.0,21.0,1606100.0,5.0,446800.0,7.0,531800.0,20.0,1501600.0,3.0,190050.0,15.0,816450.0,22.0,1200050.0,2.0,132000.0,7.0,374850.0,16.0,1206600.0,4.0,287850.0,11.0,578000.0,111,7833700,246,16622300,46,3311700,6.0,2.0,13.0,0.2857142857142857,14950.0,89700.0,6.0,2023-06-01,16,1105000,16,1080200,6,573050,15,1045950,241,582,397,16871150,39909800,27606500,403,27767700,0.03722084367245657,0.03970223325062035,0.03766786590174916,0.03979443742189667,582,40416050,69062.5,0.2646825396825397,31280.55555555556,0.043283244176680634,67213.86738906089,55,1214
2023-07-01,12.0,1017750.0,7.0,379900.0,15.0,1063150.0,19.0,1359300.0,5.0,445150.0,9.0,780250.0,20.0,1501600.0,8.0,569850.0,10.0,436650.0,19.0,1024250.0,4.0,256800.0,8.0,425850.0,18.0,1332700.0,2.0,231000.0,11.0,508750.0,16.0,749300.0,0.0,0.0,14.0,1071850.0,102,7290000,258,17730350,44,3180100,8.0,6.0,9.0,0.34782608695652173,16043.75,128350.0,8.0,2023-07-01,18,1399150,21,1291400,6,482000,32,2084150,273,600,418,18955300,41308950,28897900,404,28200450,0.07920792079207921,0.04455445544554455,0.07390484903609694,0.04961445650689971,600,41887000,77730.55555555556,0.33618012422360244,18428.472222222223,0.042181748636698414,72556.50871459696,63,1277
2023-08-01,18.0,1298200.0,2.0,177950.0,13.0,1108550.0,19.0,1288200.0,5.0,344500.0,14.0,875400.0,20.0,1114550.0,1.0,24250.0,10.0,568100.0,16.0,1200100.0,3.0,247600.0,12.0,624750.0,14.0,700800.0,3.0,273750.0,13.0,846600.0,20.0,1679650.0,4.0,287600.0,5.0,229500.0,91,6269350,274,19180850,41,3000100,4.0,4.0,11.0,0.21052631578947367,23037.5,92150.0,4.0,2023-08-01,17,1212200,23,2094900,8,761150,15,1032600,288,617,441,19987900,42521150,30992800,406,28450300,0.03694581280788178,0.04187192118226601,0.03629487211031167,0.04260763506887449,617,43169450,71305.88235294117,0.28135556282009366,18010.416666666668,0.042042869959476974,72699.64596949892,62,1339
2023-09-01,20.0,1413200.0,4.0,325000.0,14.0,769900.0,18.0,1059550.0,2.0,181600.0,11.0,465750.0,17.0,1258300.0,4.0,213400.0,10.0,600750.0,18.0,919050.0,7.0,615950.0,5.0,286150.0,18.0,1526550.0,4.0,231000.0,7.0,439200.0,25.0,1979600.0,2.0,105000.0,10.0,511500.0,83,5463700,286,20158800,38,2749850,5.0,4.0,5.0,0.35714285714285715,28700.0,143500.0,5.0,2023-09-01,16,972050,19,1410800,4,372400,15,1098550,303,633,460,21086450,43493200,32403600,407,28372350,0.03685503685503685,0.03931203931203931,0.03871903455300671,0.0342604683785446,633,44190050,60753.125,0.30516508662961744,22593.75,0.041912805313283286,69929.85430283225,60,1399
2023-10-01,19.0,1107750.0,6.0,335450.0,6.0,263700.0,19.0,1335900.0,2.0,135000.0,10.0,601550.0,17.0,879350.0,2.0,160000.0,11.0,781800.0,20.0,1634650.0,4.0,336000.0,5.0,226100.0,26.0,2015850.0,4.0,190000.0,7.0,390250.0,22.0,1567900.0,2.0,156900.0,8.0,595700.0,76,5046200,293,20783550,34,2343750,3.0,4.0,10.0,0.17647058823529413,13766.666666666666,41300.0,3.0,2023-10-01,15,1161200,14,1224650,5,627200,34,2558950,337,648,474,23645400,44654400,33628250,403,28173500,0.08436724565756824,0.03722084367245657,0.09082826059949953,0.04121603634621186,648,45451600,77413.33333333333,0.24804658705587493,21834.722222222223,0.0394682680555873,69824.1135620915,59,1458
2023-11-01,17.0,1258300.0,4.0,299900.0,10.0,514250.0,18.0,848000.0,4.0,395550.0,8.0,577600.0,22.0,1760750.0,4.0,336000.0,3.0,100000.0,27.0,2132700.0,2.0,50000.0,8.0,413400.0,25.0,1662000.0,3.0,201900.0,4.0,456600.0,23.0,1650850.0,1.0,50000.0,8.0,484350.0,68,4545600,293,20576300,34,2429800,4.0,3.0,2.0,0.4444444444444444,28587.5,114350.0,4.0,2023-11-01,13,905550,17,980750,3,180900,21,1511600,358,661,491,25157000,45559950,34609000,395,27551700,0.05316455696202532,0.03291139240506329,0.05486412816632005,0.0328673003843683,661,46341400,69657.69230769231,0.32601929660753187,23684.72222222222,0.03648142512985306,69274.71688034188,59,1517
2023-12-01,17.0,749300.0,3.0,294150.0,10.0,777700.0,19.0,1493650.0,2.0,135000.0,8.0,568100.0,26.0,1909850.0,0.0,0.0,11.0,686250.0,23.0,1534400.0,5.0,472500.0,4.0,313600.0,22.0,1557350.0,2.0,74250.0,8.0,553600.0,27.0,1928600.0,2.0,125000.0,10.0,636950.0,63,4191800,291,20971850,30,2272350,5.0,1.0,7.0,0.38461538461538464,23920.0,119600.0,5.0,2023-12-01,11,1038400,9,552800,4,271800,43,2707250,401,672,500,27864250,46598350,35161800,384,27436000,0.1119791666666667,0.02864583333333333,0.09867509841084707,0.03784808281090538,672,47421350,94400.0,0.335176805765041,22091.388888888887,0.03292602313695107,80490.34188034188,55,1572
2024-01-01,20.0,1679650.0,1.0,77600.0,8.0,439500.0,27.0,2025050.0,1.0,40000.0,9.0,531050.0,24.0,1584400.0,4.0,385200.0,4.0,350900.0,23.0,1673750.0,0.0,0.0,9.0,511450.0,26.0,1876900.0,2.0,159800.0,11.0,653850.0,27.0,2127200.0,5.0,455800.0,8.0,724100.0,56,3789150,292,21037500,26,1939050,1.0,2.0,7.0,0.1,8500.0,8500.0,1.0,2024-01-01,8,503400,13,898750,5,472900,18,1264800,419,680,513,29129050,47101750,36060550,374,26765700,0.0481283422459893,0.0213903743315508,0.04725450856880261,0.01880765307838016,680,48015850,62925.0,0.30968660968660966,20335.833333333332,0.027649200023315806,75660.89743589744,61,1633
2024-02-01,26.0,2025850.0,2.0,141850.0,9.0,428400.0,24.0,1723900.0,1.0,141000.0,7.0,455600.0,23.0,1656050.0,0.0,0.0,9.0,529150.0,28.0,1952850.0,2.0,140800.0,9.0,596900.0,30.0,2380050.0,2.0,227850.0,8.0,699200.0,23.0,1843400.0,1.0,24250.0,11.0,515200.0,51,3259600,272,19990500,26,1949050,4.0,2.0,3.0,0.4444444444444444,13212.5,52850.0,4.0,2024-02-01,10,595800,10,715300,1,48500,20,1047000,439,690,523,30176050,47697550,36775850,364,26255650,0.05494505494505494,0.02747252747252747,0.03987713120794953,0.02269225861862113,690,48552800,59580.0,0.30968660968660966,15210.833333333334,0.02583624504580387,72301.66666666667,60,1693
2024-03-01,24.0,1558600.0,3.0,327000.0,5.0,434900.0,22.0,1623150.0,3.0,261900.0,7.0,300150.0,27.0,1901150.0,4.0,297500.0,8.0,491900.0,28.0,2258150.0,2.0,145500.0,10.0,903450.0,24.0,1907800.0,1.0,40000.0,10.0,435050.0,20.0,1702250.0,2.0,223100.0,7.0,460500.0,48,3027800,252,18388150,22,1641450,1.0,0.0,8.0,0.1111111111111111,26400.0,26400.0,1.0,2024-03-01,11,806100,9,596150,4,360450,40,2649350,479,701,532,32825400,48503650,37372000,355,25461150,0.1126760563380282,0.03098591549295775,0.1040546086881386,0.03165999964652029,701,49360650,73281.81818181818,0.21851851851851847,16037.5,0.02661627243234534,65262.27272727273,63,1756
2024-04-01,23.0,1673750.0,1.0,45000.0,8.0,466450.0,30.0,2127950.0,2.0,140800.0,7.0,421800.0,30.0,2395800.0,3.0,295750.0,7.0,615550.0,26.0,1871450.0,1.0,30000.0,8.0,481400.0,23.0,1913250.0,1.0,77600.0,5.0,395000.0,22.0,1344350.0,3.0,301300.0,5.0,240650.0,42,2667450,224,16399300,23,1633750,3.0,1.0,3.0,0.42857142857142855,43700.0,131100.0,3.0,2024-04-01,9,620250,9,633650,1,116400,28,1988850,507,710,541,34814250,49123900,38005650,336,24118950,0.08333333333333333,0.02678571428571428,0.08246005734080464,0.02571629361974713,710,50007300,68916.66666666667,0.32804232804232797,27770.833333333332,0.028414719083733164,67259.49494949495,62,1818
2024-05-01,27.0,1966900.0,2.0,50000.0,10.0,673650.0,26.0,2258900.0,3.0,213400.0,11.0,834800.0,25.0,1925650.0,2.0,45000.0,8.0,412200.0,22.0,1908550.0,1.0,77600.0,6.0,399700.0,22.0,1344350.0,2.0,107900.0,6.0,434050.0,18.0,1464300.0,0.0,0.0,2.0,126900.0,41,2636550,199,14737300,20,1360450,2.0,1.0,3.0,0.3333333333333333,25950.0,51900.0,2.0,2024-05-01,10,794800,7,782300,3,404400,53,3650850,560,720,548,38465100,49918700,38787950,321,23375550,0.1651090342679128,0.03115264797507788,0.1561824213761815,0.03400133900592713,720,50925900,79480.0,0.29100529100529093,32016.666666666668,0.02964142591791664,73892.82828282828,61,1879
2024-06-01,26.0,2093400.0,2.0,152200.0,12.0,1061500.0,23.0,1824600.0,3.0,100000.0,9.0,458250.0,23.0,1930250.0,1.0,145500.0,5.0,310100.0,23.0,1417100.0,2.0,152900.0,5.0,316300.0,17.0,1309200.0,1.0,155100.0,2.0,126900.0,19.0,1330450.0,1.0,51700.0,1.0,20000.0,38,2362150,173,13017000,19,1249050,4.0,1.0,5.0,0.4,10487.5,41950.0,4.0,2024-06-01,8,448100,6,507700,2,213300,26,1720300,586,728,554,40185400,50366800,39295650,303,22146150,0.0858085808580858,0.0264026402640264,0.07767941606103092,0.02023376523684704,728,51416800,56012.5,0.38730158730158726,26712.5,0.028113667508272853,68136.38888888889,63,1942
2024-07-01,23.0,1760000.0,1.0,40000.0,11.0,582850.0,21.0,1803350.0,2.0,223100.0,6.0,359400.0,20.0,1270400.0,3.0,221300.0,7.0,394600.0,18.0,1464300.0,0.0,0.0,2.0,126900.0,20.0,1350450.0,1.0,51700.0,0.0,0.0,2.0,214000.0,2.0,100000.0,16.0,997100.0,34,2202050,144,10870750,17,1098350,5.0,1.0,3.0,0.5555555555555556,33000.0,165000.0,5.0,2024-07-01,7,581000,10,567450,4,302650,55,3866550,641,735,564,44051950,50947800,39863100,281,20604050,0.1957295373665481,0.02491103202846975,0.1876597076788301,0.02819833964681701,735,52020950,83000.0,0.4296296296296296,23145.833333333332,0.027488773422524676,72830.83333333333,70,2012
2024-08-01,21.0,1758450.0,1.0,145500.0,7.0,481900.0,21.0,1264350.0,6.0,389050.0,3.0,232900.0,18.0,1464300.0,0.0,0.0,2.0,126900.0,20.0,1350450.0,1.0,51700.0,0.0,0.0,1.0,38800.0,6.0,462900.0,13.0,809400.0,1.0,75000.0,4.0,406900.0,15.0,920350.0,31,1905850,113,8387650,12,645550,1.0,1.0,6.0,0.125,28200.0,28200.0,1.0,2024-08-01,6,416500,9,976700,5,617800,31,2483100,672,741,573,46535050,51364300,40839800,256,18690150,0.12109375,0.0234375,0.132856076596496,0.02228446534672006,741,52590150,69416.66666666667,0.3601851851851852,23895.833333333332,0.024917057430832047,69476.38888888889,68,2080
2024-09-01,21.0,1332250.0,3.0,177750.0,6.0,376300.0,18.0,1464300.0,0.0,0.0,2.0,126900.0,20.0,1350450.0,0.0,0.0,1.0,51700.0,4.0,250400.0,4.0,282500.0,12.0,778200.0,2.0,213300.0,4.0,320600.0,14.0,868350.0,1.0,43650.0,3.0,263300.0,14.0,946950.0,25,1653750,86,6311150,11,615550,1.0,1.0,1.0,0.3333333333333333,25800.0,25800.0,1.0,2024-09-01,5,438100,8,329950,1,58200,27,2076500,699,746,581,48611550,51802400,41169750,234,17075350,0.1153846153846154,0.02136752136752137,0.1216080490297417,0.0256568679412135,746,53051850,87620.0,0.33796296296296297,29000.0,0.02323868446533037,80012.22222222223,65,2145
2024-10-01,18.0,1464300.0,0.0,0.0,2.0,126900.0,18.0,1311050.0,1.0,51700.0,2.0,39400.0,2.0,75800.0,5.0,441300.0,13.0,794000.0,0.0,0.0,3.0,254800.0,17.0,1147450.0,0.0,0.0,5.0,380600.0,13.0,873300.0,2.0,156900.0,5.0,460600.0,10.0,959600.0,24,1474300,60,4226000,12,642950,3.0,1.0,5.0,0.3333333333333333,33433.333333333336,100300.0,3.0,2024-10-01,7,442300,3,308900,1,103400,53,4161650,752,753,584,52773200,52244700,41478650,215,15440700,0.2465116279069768,0.03255813953488372,0.2695246977144818,0.02864507438134281,753,53502350,63185.71428571428,0.26388888888888884,29144.44444444445,0.025787720300801693,73407.46031746033,66,2211
2024-11-01,19.0,1330450.0,1.0,51700.0,1.0,20000.0,1.0,120000.0,6.0,369500.0,13.0,821600.0,1.0,10000.0,6.0,457750.0,13.0,934500.0,1.0,43650.0,5.0,337900.0,12.0,872350.0,2.0,156900.0,8.0,876700.0,7.0,543500.0,2.0,58800.0,1.0,50000.0,11.0,847000.0,22,1370650,39,2921650,10,548250,0.0,0.0,0.0,0.0,0.0,0.0,0.0,2024-11-01,6,339650,9,675550,3,325950,21,1304350,773,759,593,54077550,52584350,42154200,200,14569600,0.105,0.03,0.08952545025258071,0.02331223918295629,759,53935600,56608.333333333336,0.22222222222222218,19744.444444444445,0.027975220300801695,69138.01587301587,65,2276
2024-12-01,1.0,84600.0,7.0,544200.0,12.0,682300.0,3.0,223300.0,8.0,549300.0,9.0,629650.0,0.0,0.0,6.0,478300.0,12.0,775600.0,2.0,156900.0,8.0,631500.0,7.0,788700.0,4.0,331000.0,3.0,193400.0,7.0,431400.0,2.0,74000.0,5.0,343050.0,10.0,731400.0,22,1370650,19,1330450,10,548250,1.0,0.0,1.0,0.5,28500.0,28500.0,1.0,2024-12-01,6,303700,0,0,0,0,41,2895550,814,765,593,56973100,52888050,42154200,186,13282100,0.2204301075268817,0.03225806451612903,0.2180039301014147,0.0228653601463624,765,54239300,50616.666666666664,0.27777777777777773,20644.444444444445,0.03160540135033758,56803.57142857143,61,2337
2025-01-01,0.0,0.0,4.0,305750.0,16.0,1096500.0,0.0,0.0,5.0,422000.0,13.0,831900.0,1.0,30000.0,4.0,269200.0,12.0,1277900.0,5.0,415300.0,1.0,77600.0,8.0,462900.0,0.0,0.0,2.0,164500.0,15.0,983950.0,1.0,141000.0,2.0,125000.0,12.0,1127200.0,21,1318950,0,0,9,528250,1.0,1.0,3.0,0.2,47000.0,47000.0,1.0,2025-01-01,7,290800,2,100200,1,48500,19,1330450,833,772,595,58303550,53178850,42254400,174,12270950,0.1091954022988506,0.04022988505747126,0.1084227382557993,0.02369824667201806,772,54558600,41542.857142857145,0.2333333333333333,25166.666666666668,0.03416264985786676,49589.28571428571,68,2405
2025-02-01,1.0,43650.0,4.0,373300.0,13.0,836950.0,1.0,30000.0,3.0,275100.0,13.0,1272000.0,3.0,240800.0,2.0,124000.0,9.0,591000.0,0.0,0.0,3.0,235100.0,14.0,913350.0,0.0,0.0,4.0,261100.0,11.0,1132100.0,2.0,76100.0,0.0,0.0,11.0,691950.0,17,1114350,0,0,8,478250,0.0,0.0,2.0,0.0,0.0,0.0,0.0,2025-02-01,8,456400,5,277800,1,97000,0,0,833,780,600,58303550,53635250,42532200,167,11694050,0.0,0.04790419161676647,0.0,0.03902839478196177,780,55038200,57050.0,0.2333333333333333,25166.666666666668,0.04013071373012225,49736.50793650794,68,2473
2025-03-01,2.0,156900.0,5.0,450200.0,10.0,970000.0,2.0,184200.0,2.0,171600.0,10.0,600000.0,1.0,54000.0,0.0,0.0,16.0,1094450.0,1.0,87300.0,3.0,265000.0,11.0,1040900.0,0.0,0.0,4.0,239350.0,9.0,528700.0,1.0,43650.0,1.0,72750.0,8.0,634800.0,15,1059350,0,0,8,478250,2.0,0.0,2.0,0.5,29500.0,59000.0,2.0,2025-03-01,6,348200,2,55000,0,0,0,0,833,786,602,58303550,53983450,42587200,155,10695000,0.0,0.03870967741935484,0.0,0.03255726975222066,786,55386400,58033.333333333336,0.2333333333333333,25500.0,0.04228125136453085,52208.730158730155,69,2542
2025-04-01,1.0,29100.0,3.0,307300.0,10.0,619400.0,2.0,50000.0,4.0,351200.0,11.0,747250.0,0.0,0.0,2.0,191000.0,13.0,1202200.0,3.0,100350.0,1.0,15000.0,9.0,652700.0,2.0,76550.0,3.0,307850.0,5.0,366800.0,2.0,122300.0,3.0,190350.0,10.0,702550.0,13,902450,0,0,6,395950,0.0,1.0,2.0,0.0,0.0,0.0,0.0,2025-04-01,5,179000,4,298200,2,141300,0,0,833,791,606,58303550,54162450,42885400,146,9918300,0.0,0.03424657534246575,0.0,0.01804744764727826,791,55624400,35800.0,0.16666666666666666,9833.333333333334,0.040286814792862356,50294.44444444444,67,2609
2025-05-01,1.0,54000.0,3.0,156100.0,13.0,938350.0,1.0,87300.0,4.0,324700.0,10.0,981200.0,1.0,29100.0,3.0,158400.0,9.0,580550.0,1.0,43650.0,2.0,188000.0,7.0,519550.0,2.0,57300.0,3.0,214600.0,10.0,743300.0,3.0,113700.0,1.0,45000.0,2.0,145000.0,10,548150,0,0,6,395950,1.0,0.0,1.0,0.5,47000.0,47000.0,1.0,2025-05-01,6,331000,3,336100,0,0,0,0,833,797,609,58303550,54493450,43221500,138,9008300,0.0,0.04347826086956522,0.0,0.03674389174428028,797,55937200,55166.666666666664,0.3333333333333333,25500.0,0.03881150454379527,49666.666666666664,67,2676
2025-06-01,0.0,0.0,3.0,211000.0,12.0,1182200.0,2.0,53350.0,6.0,384400.0,5.0,330300.0,1.0,43650.0,3.0,373350.0,6.0,334200.0,3.0,197300.0,3.0,253000.0,9.0,564900.0,0.0,0.0,2.0,91700.0,4.0,212000.0,0.0,0.0,1.0,58200.0,8.0,332800.0,9,519050,0,0,5,345950,2.0,1.0,1.0,0.5,8050.0,16100.0,2.0,2025-06-01,7,490300,2,126100,1,97000,0,0,833,804,611,58303550,54983750,43347600,133,8668900,0.0,0.05263157894736842,0.0,0.05655850223211711,804,56474500,70042.85714285714,0.3333333333333333,18350.0,0.043452138386466464,53669.841269841265,70,2746
2025-07-01,0.0,0.0,2.0,97000.0,11.0,671050.0,1.0,43650.0,5.0,516900.0,4.0,190650.0,3.0,219300.0,1.0,72750.0,11.0,723150.0,0.0,0.0,0.0,0.0,6.0,303700.0,1.0,38800.0,3.0,112300.0,5.0,239900.0,2.0,145700.0,1.0,87300.0,10.0,501200.0,7,395550,0,0,3,235950,0.0,0.0,1.0,0.0,0.0,0.0,0.0,2025-07-01,5,359750,4,226100,2,126100,0,0,833,809,615,58303550,55343500,43573700,125,8106300,0.0,0.04,0.0,0.04437906319775977,809,56826850,71950.0,0.3333333333333333,18350.0,0.04536994660564455,65719.84126984126,75,2821
2025-08-01,1.0,43650.0,3.0,333500.0,6.0,374050.0,1.0,97000.0,4.0,312650.0,10.0,605550.0,1.0,40000.0,0.0,0.0,5.0,263700.0,1.0,51700.0,2.0,98800.0,6.0,240500.0,2.0,94000.0,2.0,117300.0,9.0,522900.0,1.0,42300.0,1.0,155100.0,6.0,205800.0,6,320550,0,0,3,235950,0.0,1.0,0.0,0.0,0.0,0.0,0.0,2025-08-01,4,252500,1,75000,0,0,0,0,833,813,616,58303550,55596000,43648700,115,7040600,0.0,0.03478260869565217,0.0,0.03586342073118768,813,57079350,63125.0,0.16666666666666666,2683.3333333333335,0.04247139588100687,68372.61904761905,72,2893
2025-09-01,0.0,0.0,5.0,266900.0,10.0,748300.0,0.0,0.0,1.0,45000.0,5.0,258700.0,1.0,38800.0,4.0,191700.0,4.0,160500.0,3.0,159600.0,2.0,135800.0,8.0,438800.0,0.0,0.0,2.0,220900.0,6.0,182300.0,3.0,126300.0,0.0,0.0,6.0,350900.0,5,296300,0,0,3,235950,2.0,1.0,0.0,0.6666666666666666,10550.0,21100.0,2.0,2025-09-01,5,425000,1,20000,0,0,0,0,833,818,617,58303550,56021000,43668700,108,6717550,0.0,0.04629629629629629,0.0,0.06326711375427053,818,57500100,85000.0,0.2222222222222222,3516.6666666666665,0.04035963499731615,73358.33333333333,70,2963
2025-10-01,1.0,45000.0,1.0,105000.0,4.0,153700.0,2.0,90500.0,3.0,157000.0,4.0,143500.0,2.0,129600.0,3.0,208700.0,8.0,395900.0,2.0,67300.0,2.0,60000.0,4.0,275900.0,1.0,42300.0,1.0,126900.0,7.0,308000.0,2.0,193900.0,0.0,0.0,7.0,473200.0,4,252650,0,0,1,130950,1.0,2.0,2.0,0.2,10050.0,10050.0,1.0,2025-10-01,3,179000,3,146100,2,126100,0,0,833,821,620,58303550,56200000,43814800,104,6291450,0.0,0.02884615384615385,0.0,0.02845131090607094,821,57676550,59666.666666666664,0.2888888888888889,6866.666666666667,0.03664168627936743,69263.88888888889,69,3032
2025-11-01,2.0,98800.0,2.0,87300.0,5.0,204900.0,0.0,0.0,0.0,0.0,13.0,734200.0,2.0,52300.0,2.0,60000.0,4.0,290900.0,1.0,42300.0,2.0,160850.0,6.0,274050.0,4.0,293000.0,1.0,87300.0,4.0,286800.0,0.0,0.0,3.0,292800.0,6.0,323600.0,0,0,0,0,0,0,0.0,0.0,0.0,0.0,0.0,0.0,0.0,2025-11-01,3,224900,5,368600,1,141000,0,0,833,824,625,58303550,56424900,44183400,97,5869750,0.0,0.03092783505154639,0.0,0.03831509008049747,824,57886450,74966.66666666667,0.2888888888888889,6866.666666666667,0.035356761731332176,73211.11111111111,68,3100
2025-12-01,1.0,42300.0,1.0,97000.0,11.0,594900.0,2.0,67300.0,2.0,220900.0,4.0,115000.0,2.0,96300.0,2.0,175400.0,5.0,205500.0,2.0,193900.0,3.0,197300.0,4.0,275900.0,0.0,0.0,4.0,273400.0,5.0,343000.0,1.0,51700.0,4.0,416100.0,4.0,118050.0,0,0,0,0,0,0,0.0,0.0,0.0,0.0,0.0,0.0,0.0,2025-12-01,4,224000,0,0,0,0,0,0,833,828,625,58303550,56648900,44183400,95,5790050,0.0,0.04210526315789474,0.0,0.03868705797013842,828,58110450,56000.0,0.06666666666666667,3350.0,0.033959750685198326,63544.44444444444,65,3165
2026-01-01,2.0,67300.0,5.0,290900.0,1.0,45000.0,2.0,96300.0,3.0,199650.0,4.0,181250.0,2.0,193900.0,3.0,139100.0,4.0,334100.0,0.0,0.0,4.0,304300.0,5.0,312100.0,1.0,51700.0,4.0,322600.0,4.0,211550.0,0.0,0.0,2.0,126700.0,3.0,200800.0,0,0,0,0,0,0,0.0,0.0,0.0,0.0,0.0,0.0,0.0,2026-01-01,0,0,0,0,0,0,0,0,833,828,625,58303550,56648900,44183400,86,5399050,0.0,0.0,0.0,0.0,828,58110450,0.0,0.0,0.0,0.024344366069813706,43655.555555555555,68,3233
2026-02-01,1.0,42300.0,3.0,186900.0,5.0,248000.0,2.0,225100.0,4.0,221000.0,3.0,221000.0,1.0,42300.0,5.0,329900.0,3.0,244200.0,1.0,51700.0,6.0,434900.0,2.0,99250.0,0.0,0.0,2.0,126700.0,3.0,200800.0,0.0,0.0,3.0,266900.0,3.0,178100.0,0,0,0,0,0,0,0.0,0.0,0.0,0.0,0.0,0.0,0.0,2026-02-01,0,0,0,0,0,0,0,0,833,828,625,58303550,56648900,44183400,73,4664850,0.0,0.0,0.0,0.0,828,58110450,0.0,0.0,0.0,0.014035087719298246,18666.666666666657,68,3301
2026-03-01,3.0,263900.0,2.0,127300.0,4.0,275900.0,1.0,29100.0,6.0,488600.0,2.0,98700.0,0.0,0.0,5.0,301500.0,4.0,284350.0,0.0,0.0,2.0,195000.0,3.0,132500.0,0.0,0.0,2.0,165000.0,4.0,280000.0,1.0,51700.0,3.0,157000.0,2.0,116400.0,0,0,0,0,0,0,0.0,0.0,0.0,0.0,0.0,0.0,0.0,2026-03-01,0,0,0,0,0,0,0,0,833,828,625,58303550,56648900,44183400,65,4261650,0.0,0.0,0.0,0.0,828,58110450,0.0,0.0,0.0,0.0,0.0,69,3370
2026-04-01,1.0,42300.0,4.0,339600.0,4.0,234500.0,1.0,51700.0,5.0,279800.0,3.0,254350.0,0.0,0.0,2.0,126700.0,3.0,200800.0,0.0,0.0,3.0,266900.0,3.0,178100.0,0.0,0.0,3.0,166100.0,3.0,159000.0,0.0,0.0,3.0,150000.0,5.0,443500.0,0,0,0,0,0,0,0.0,0.0,0.0,0.0,0.0,0.0,0.0,2026-04-01,0,0,0,0,0,0,0,0,833,828,625,58303550,56648900,44183400,56,3784450,0.0,0.0,0.0,0.0,828,58110450,0.0,0.0,0.0,0.0,0.0,67,3437
2026-05-01,1.0,51700.0,3.0,292600.0,5.0,241550.0,0.0,0.0,2.0,126700.0,3.0,200800.0,0.0,0.0,4.0,311900.0,2.0,133100.0,1.0,51700.0,4.0,233400.0,1.0,40000.0,3.0,220400.0,2.0,220500.0,3.0,152600.0,0.0,0.0,1.0,48500.0,3.0,175500.0,0,0,0,0,0,0,0.0,0.0,0.0,0.0,0.0,0.0,0.0,2026-05-01,0,0,0,0,0,0,0,0,833,828,625,58303550,56648900,44183400,47,3117350,0.0,0.0,0.0,0.0,828,58110450,0.0,0.0,0.0,0.0,0.0,67,3504
2026-06-01,0.0,0.0,2.0,126700.0,3.0,200800.0,0.0,0.0,5.0,425000.0,1.0,20000.0,0.0,0.0,4.0,256000.0,2.0,69100.0,2.0,94400.0,3.0,220500.0,3.0,278600.0,0.0,0.0,1.0,97000.0,3.0,127000.0,0.0,0.0,0.0,0.0,0.0,0.0,0,0,0,0,0,0,0.0,0.0,0.0,0.0,0.0,0.0,0.0,2026-06-01,0,0,0,0,0,0,0,0,833,828,625,58303550,56648900,44183400,38,2500950,0.0,0.0,0.0,0.0,828,58110450,0.0,0.0,0.0,0.0,0.0,70,3574
2026-07-01,0.0,0.0,3.0,213500.0,3.0,231500.0,0.0,0.0,3.0,120800.0,3.0,204300.0,0.0,0.0,5.0,373100.0,3.0,220400.0,0.0,0.0,2.0,97000.0,2.0,127000.0,0.0,0.0,0.0,0.0,0.0,0.0,0.0,0.0,0.0,0.0,0.0,0.0,0,0,0,0,0,0,0.0,0.0,0.0,0.0,0.0,0.0,0.0,2026-07-01,0,0,0,0,0,0,0,0,833,828,625,58303550,56648900,44183400,29,1915100,0.0,0.0,0.0,0.0,828,58110450,0.0,0.0,0.0,0.0,0.0,75,3649
2026-08-01,0.0,0.0,5.0,237800.0,1.0,87300.0,0.0,0.0,5.0,454100.0,3.0,139400.0,0.0,0.0,2.0,145500.0,2.0,78500.0,0.0,0.0,0.0,0.0,0.0,0.0,0.0,0.0,0.0,0.0,0.0,0.0,0.0,0.0,0.0,0.0,0.0,0.0,0,0,0,0,0,0,0.0,0.0,0.0,0.0,0.0,0.0,0.0,2026-08-01,0,0,0,0,0,0,0,0,833,828,625,58303550,56648900,44183400,24,1587600,0.0,0.0,0.0,0.0,828,58110450,0.0,0.0,0.0,0.0,0.0,72,3721
2026-09-01,1.0,19400.0,5.0,368600.0,2.0,205500.0,0.0,0.0,2.0,145500.0,2.0,78500.0,0.0,0.0,0.0,0.0,0.0,0.0,0.0,0.0,0.0,0.0,0.0,0.0,0.0,0.0,0.0,0.0,0.0,0.0,0.0,0.0,0.0,0.0,0.0,0.0,0,0,0,0,0,0,0.0,0.0,0.0,0.0,0.0,0.0,0.0,2026-09-01,0,0,0,0,0,0,0,0,833,828,625,58303550,56648900,44183400,18,1142600,0.0,0.0,0.0,0.0,828,58110450,0.0,0.0,0.0,0.0,0.0,70,3791
2026-10-01,1.0,48500.0,2.0,78500.0,1.0,97000.0,0.0,0.0,0.0,0.0,0.0,0.0,0.0,0.0,0.0,0.0,0.0,0.0,0.0,0.0,0.0,0.0,0.0,0.0,0.0,0.0,0.0,0.0,0.0,0.0,0.0,0.0,0.0,0.0,0.0,0.0,0,0,0,0,0,0,0.0,0.0,0.0,0.0,0.0,0.0,0.0,2026-10-01,0,0,0,0,0,0,0,0,833,828,625,58303550,56648900,44183400,12,817500,0.0,0.0,0.0,0.0,828,58110450,0.0,0.0,0.0,0.0,0.0,69,3860
2026-11-01,0.0,0.0,0.0,0.0,0.0,0.0,0.0,0.0,0.0,0.0,0.0,0.0,0.0,0.0,0.0,0.0,0.0,0.0,0.0,0.0,0.0,0.0,0.0,0.0,0.0,0.0,0.0,0.0,0.0,0.0,0.0,0.0,0.0,0.0,0.0,0.0,0,0,0,0,0,0,0.0,0.0,0.0,0.0,0.0,0.0,0.0,2026-11-01,0,0,0,0,0,0,0,0,833,828,625,58303550,56648900,44183400,4,224000,0.0,0.0,0.0,0.0,828,58110450,0.0,0.0,0.0,0.0,0.0,68,3928
